{"hour":10.09000015258789,"timeControlEverything":true,"skyGradient":{"serializedVersion":"2","key0":{"r":0.21698111295700074,"g":0.16273583471775056,"b":0.16273583471775056,"a":1.0},"key1":{"r":0.0,"g":0.0,"b":0.0,"a":1.0},"key2":{"r":0.4018333852291107,"g":0.7851664423942566,"b":0.8113207817077637,"a":0.0},"key3":{"r":0.04245281219482422,"g":0.6154740452766419,"b":1.0,"a":0.0},"key4":{"r":0.0,"g":0.8948566913604736,"b":1.0,"a":0.0},"key5":{"r":0.0,"g":0.0,"b":0.0,"a":0.0},"key6":{"r":0.0,"g":0.0,"b":0.0,"a":0.0},"key7":{"r":0.0,"g":0.0,"b":0.0,"a":0.0},"ctime0":0,"ctime1":32575,"ctime2":35466,"ctime3":65535,"ctime4":52043,"ctime5":0,"ctime6":0,"ctime7":0,"atime0":0,"atime1":65535,"atime2":0,"atime3":0,"atime4":0,"atime5":0,"atime6":0,"atime7":0,"m_Mode":0,"m_NumColorKeys":4,"m_NumAlphaKeys":2},"skyWorldYGradient":{"serializedVersion":"2","key0":{"r":0.7075471878051758,"g":0.4186948835849762,"b":0.15686187148094178,"a":1.0},"key1":{"r":0.008810964412987233,"g":0.04846745729446411,"b":0.16981130838394166,"a":1.0},"key2":{"r":0.0,"g":0.0,"b":0.0,"a":0.0},"key3":{"r":0.0,"g":0.0,"b":0.0,"a":0.0},"key4":{"r":0.0,"g":0.0,"b":0.0,"a":0.0},"key5":{"r":0.0,"g":0.0,"b":0.0,"a":0.0},"key6":{"r":0.0,"g":0.0,"b":0.0,"a":0.0},"key7":{"r":0.0,"g":0.0,"b":0.0,"a":0.0},"ctime0":0,"ctime1":65535,"ctime2":0,"ctime3":0,"ctime4":0,"ctime5":0,"ctime6":0,"ctime7":0,"atime0":0,"atime1":65535,"atime2":0,"atime3":0,"atime4":0,"atime5":0,"atime6":0,"atime7":0,"m_Mode":0,"m_NumColorKeys":2,"m_NumAlphaKeys":2},"sunRotation":{"x":0.0,"y":241.35000610351563},"sunHalo":{"x":0.25,"y":0.25,"z":0.25,"w":0.25},"sunIntensity":1.0,"sunColorGradient":{"serializedVersion":"2","key0":{"r":0.0,"g":0.0,"b":0.0,"a":1.0},"key1":{"r":0.9811320900917053,"g":0.62785804271698,"b":0.31933072209358218,"a":1.0},"key2":{"r":1.0,"g":0.6063913106918335,"b":0.1745283007621765,"a":0.0},"key3":{"r":0.5943396091461182,"g":0.5943396091461182,"b":0.5943396091461182,"a":0.0},"key4":{"r":0.0,"g":0.0,"b":0.0,"a":0.0},"key5":{"r":0.0,"g":0.0,"b":0.0,"a":0.0},"key6":{"r":0.0,"g":0.0,"b":0.0,"a":0.0},"key7":{"r":0.0,"g":0.0,"b":0.0,"a":0.0},"ctime0":0,"ctime1":23323,"ctime2":47224,"ctime3":55898,"ctime4":0,"ctime5":0,"ctime6":0,"ctime7":0,"atime0":0,"atime1":65535,"atime2":0,"atime3":0,"atime4":0,"atime5":0,"atime6":0,"atime7":0,"m_Mode":0,"m_NumColorKeys":4,"m_NumAlphaKeys":2},"moonTexture":{"instanceID":28258},"moonRotation":{"x":0.0,"y":0.0},"moonIntensity":0.25,"moonColorGradient":{"serializedVersion":"2","key0":{"r":0.16171236336231233,"g":0.3064158856868744,"b":0.43396228551864626,"a":1.0},"key1":{"r":1.0,"g":1.0,"b":1.0,"a":1.0},"key2":{"r":0.0,"g":0.0,"b":0.0,"a":0.0},"key3":{"r":0.0,"g":0.0,"b":0.0,"a":0.0},"key4":{"r":0.0,"g":0.0,"b":0.0,"a":0.0},"key5":{"r":0.0,"g":0.0,"b":0.0,"a":0.0},"key6":{"r":0.0,"g":0.0,"b":0.0,"a":0.0},"key7":{"r":0.0,"g":0.0,"b":0.0,"a":0.0},"ctime0":0,"ctime1":65535,"ctime2":0,"ctime3":0,"ctime4":0,"ctime5":0,"ctime6":0,"ctime7":0,"atime0":0,"atime1":65535,"atime2":0,"atime3":0,"atime4":0,"atime5":0,"atime6":0,"atime7":0,"m_Mode":0,"m_NumColorKeys":2,"m_NumAlphaKeys":2},"starTexture":{"instanceID":12892},"starIntensity":0.25,"lightIntensity":1.0,"sunLightGradient":{"serializedVersion":"2","key0":{"r":0.6037735939025879,"g":0.6037735939025879,"b":0.6037735939025879,"a":1.0},"key1":{"r":0.9433962106704712,"g":0.9366132020950317,"b":0.7965468168258667,"a":1.0},"key2":{"r":0.12156862765550614,"g":0.21960784494876862,"b":0.3686274588108063,"a":0.0},"key3":{"r":0.0,"g":0.0,"b":0.0,"a":0.0},"key4":{"r":0.0,"g":0.0,"b":0.0,"a":0.0},"key5":{"r":0.0,"g":0.0,"b":0.0,"a":0.0},"key6":{"r":0.0,"g":0.0,"b":0.0,"a":0.0},"key7":{"r":0.0,"g":0.0,"b":0.0,"a":0.0},"ctime0":0,"ctime1":32382,"ctime2":65535,"ctime3":0,"ctime4":0,"ctime5":0,"ctime6":0,"ctime7":0,"atime0":0,"atime1":65535,"atime2":0,"atime3":0,"atime4":0,"atime5":0,"atime6":0,"atime7":0,"m_Mode":0,"m_NumColorKeys":3,"m_NumAlphaKeys":2},"moonLightGradient":{"serializedVersion":"2","key0":{"r":0.2761213779449463,"g":0.4398347735404968,"b":0.6886792182922363,"a":1.0},"key1":{"r":0.25551798939704897,"g":0.345318078994751,"b":0.6226415038108826,"a":1.0},"key2":{"r":0.12156862765550614,"g":0.21960784494876862,"b":0.3686274588108063,"a":0.0},"key3":{"r":0.0,"g":0.0,"b":0.0,"a":0.0},"key4":{"r":0.0,"g":0.0,"b":0.0,"a":0.0},"key5":{"r":0.0,"g":0.0,"b":0.0,"a":0.0},"key6":{"r":0.0,"g":0.0,"b":0.0,"a":0.0},"key7":{"r":0.0,"g":0.0,"b":0.0,"a":0.0},"ctime0":0,"ctime1":32768,"ctime2":65535,"ctime3":0,"ctime4":0,"ctime5":0,"ctime6":0,"ctime7":0,"atime0":0,"atime1":65535,"atime2":0,"atime3":0,"atime4":0,"atime5":0,"atime6":0,"atime7":0,"m_Mode":0,"m_NumColorKeys":3,"m_NumAlphaKeys":2},"lightRotation":{"x":0.0,"y":0.0},"ambientMode":0,"mode":2,"cubemap":{"instanceID":12908},"boxProjection":true,"resolution":256,"HDR":true,"clearFlags":1,"cullingMask":55}