{"hour":1.5,"timeControlEverything":true,"daySkyGradient":{"serializedVersion":"2","key0":{"r":0.2924528121948242,"g":0.2924528121948242,"b":0.2924528121948242,"a":1.0},"key1":{"r":0.7195621132850647,"g":0.8214006423950195,"b":0.9245283007621765,"a":1.0},"key2":{"r":0.0,"g":0.6235294342041016,"b":1.0,"a":0.0},"key3":{"r":0.0,"g":0.0,"b":0.0,"a":0.0},"key4":{"r":0.0,"g":0.0,"b":0.0,"a":0.0},"key5":{"r":0.0,"g":0.0,"b":0.0,"a":0.0},"key6":{"r":0.0,"g":0.0,"b":0.0,"a":0.0},"key7":{"r":0.0,"g":0.0,"b":0.0,"a":0.0},"ctime0":29112,"ctime1":32190,"ctime2":65535,"ctime3":0,"ctime4":0,"ctime5":0,"ctime6":0,"ctime7":0,"atime0":0,"atime1":65535,"atime2":0,"atime3":0,"atime4":0,"atime5":0,"atime6":0,"atime7":0,"m_Mode":0,"m_NumColorKeys":3,"m_NumAlphaKeys":2},"nightSkyGradient":{"serializedVersion":"2","key0":{"r":0.010234958492219448,"g":0.1705642193555832,"b":0.43396228551864626,"a":1.0},"key1":{"r":0.0,"g":0.19698095321655274,"b":0.5094339847564697,"a":1.0},"key2":{"r":0.061306413263082507,"g":0.001379497698508203,"b":0.2924528121948242,"a":0.0},"key3":{"r":0.061306413263082507,"g":0.001379497698508203,"b":0.2924528121948242,"a":0.0},"key4":{"r":0.0,"g":0.0,"b":0.0,"a":0.0},"key5":{"r":0.0,"g":0.0,"b":0.0,"a":0.0},"key6":{"r":0.0,"g":0.0,"b":0.0,"a":0.0},"key7":{"r":0.0,"g":0.0,"b":0.0,"a":0.0},"ctime0":32242,"ctime1":33729,"ctime2":65535,"ctime3":65535,"ctime4":0,"ctime5":0,"ctime6":0,"ctime7":0,"atime0":0,"atime1":65535,"atime2":0,"atime3":0,"atime4":0,"atime5":0,"atime6":0,"atime7":0,"m_Mode":0,"m_NumColorKeys":3,"m_NumAlphaKeys":2},"fogColorGradient":{"serializedVersion":"2","key0":{"r":0.11372549831867218,"g":0.2352941334247589,"b":0.501960813999176,"a":1.0},"key1":{"r":0.9960784912109375,"g":0.5254902243614197,"b":0.6117647290229797,"a":1.0},"key2":{"r":1.0,"g":1.0,"b":1.0,"a":0.0},"key3":{"r":0.9647059440612793,"g":0.9490196704864502,"b":1.0,"a":0.0},"key4":{"r":0.6745098233222961,"g":0.8313726186752319,"b":0.9215686917304993,"a":0.0},"key5":{"r":0.6666666865348816,"g":0.8313726186752319,"b":0.9215686917304993,"a":0.0},"key6":{"r":0.07058823853731156,"g":0.2352941334247589,"b":0.501960813999176,"a":0.0},"key7":{"r":0.03921568766236305,"g":0.20784315466880799,"b":0.4784314036369324,"a":0.0},"ctime0":13979,"ctime1":16672,"ctime2":21802,"ctime3":28599,"ctime4":32832,"ctime5":45656,"ctime6":49504,"ctime7":65535,"atime0":0,"atime1":65535,"atime2":0,"atime3":0,"atime4":0,"atime5":0,"atime6":0,"atime7":0,"m_Mode":0,"m_NumColorKeys":8,"m_NumAlphaKeys":2},"sunDiscGradient":{"serializedVersion":"2","key0":{"r":0.0,"g":0.0,"b":0.0,"a":1.0},"key1":{"r":0.007549544330686331,"g":0.002880323678255081,"b":0.002831078600138426,"a":1.0},"key2":{"r":0.15458136796951295,"g":0.05897632986307144,"b":0.057968005537986758,"a":0.0},"key3":{"r":0.5647059082984924,"g":0.21544821560382844,"b":0.21176467835903169,"a":0.0},"key4":{"r":0.0,"g":0.0,"b":0.0,"a":0.0},"key5":{"r":0.0,"g":0.0,"b":0.0,"a":0.0},"key6":{"r":0.0,"g":0.0,"b":0.0,"a":0.0},"key7":{"r":0.0,"g":0.0,"b":0.0,"a":0.0},"ctime0":0,"ctime1":40302,"ctime2":53444,"ctime3":65535,"ctime4":0,"ctime5":0,"ctime6":0,"ctime7":0,"atime0":0,"atime1":65535,"atime2":0,"atime3":0,"atime4":0,"atime5":0,"atime6":0,"atime7":0,"m_Mode":0,"m_NumColorKeys":4,"m_NumAlphaKeys":2},"sunRotation":{"x":193.19000244140626,"y":112.5},"sunHalo":{"x":0.0,"y":0.25,"z":0.5,"w":1.0},"sunIntensity":1.0,"sunColorGradient":{"serializedVersion":"2","key0":{"r":0.0,"g":0.0,"b":0.0,"a":1.0},"key1":{"r":0.9245283007621765,"g":0.29437732696533205,"b":0.0,"a":1.0},"key2":{"r":0.9845739006996155,"g":0.456645667552948,"b":0.5294555425643921,"a":0.0},"key3":{"r":0.8679245114326477,"g":0.2333570420742035,"b":0.46621158719062807,"a":0.0},"key4":{"r":0.9981696605682373,"g":0.5547572374343872,"b":0.2645247280597687,"a":0.0},"key5":{"r":1.0,"g":0.6063913106918335,"b":0.1745283007621765,"a":0.0},"key6":{"r":0.0,"g":0.0,"b":0.0,"a":0.0},"key7":{"r":0.0,"g":0.0,"b":0.0,"a":0.0},"ctime0":9638,"ctime1":15998,"ctime2":30840,"ctime3":34695,"ctime4":40670,"ctime5":52043,"ctime6":54934,"ctime7":0,"atime0":0,"atime1":65535,"atime2":0,"atime3":0,"atime4":0,"atime5":0,"atime6":0,"atime7":0,"m_Mode":0,"m_NumColorKeys":7,"m_NumAlphaKeys":2},"moonTexture":{"instanceID":30186},"moonRotation":{"x":0.0,"y":0.0},"moonIntensity":1.0,"moonColorGradient":{"serializedVersion":"2","key0":{"r":0.31603771448135378,"g":1.0,"b":0.8904552459716797,"a":1.0},"key1":{"r":0.19344072043895722,"g":0.5943396091461182,"b":0.5302906632423401,"a":1.0},"key2":{"r":0.0,"g":0.0,"b":0.0,"a":0.0},"key3":{"r":0.0,"g":0.0,"b":0.0,"a":0.0},"key4":{"r":0.21987363696098329,"g":0.5754716992378235,"b":0.5182490348815918,"a":0.0},"key5":{"r":0.0,"g":0.0,"b":0.0,"a":0.0},"key6":{"r":0.0,"g":0.0,"b":0.0,"a":0.0},"key7":{"r":0.0,"g":0.0,"b":0.0,"a":0.0},"ctime0":0,"ctime1":16416,"ctime2":20432,"ctime3":46453,"ctime4":52325,"ctime5":0,"ctime6":0,"ctime7":0,"atime0":0,"atime1":65535,"atime2":0,"atime3":0,"atime4":0,"atime5":0,"atime6":0,"atime7":0,"m_Mode":0,"m_NumColorKeys":5,"m_NumAlphaKeys":2},"starTexture":{"instanceID":30142},"starIntensity":1.0,"moonDistance":14.079999923706055,"lightIntensity":1.0,"sunLightGradient":{"serializedVersion":"2","key0":{"r":0.0117647061124444,"g":0.08235294371843338,"b":0.1882352977991104,"a":1.0},"key1":{"r":0.11820434778928757,"g":0.1418728083372116,"b":0.20561981201171876,"a":1.0},"key2":{"r":0.7830188870429993,"g":0.20396390557289124,"b":0.1292719691991806,"a":0.0},"key3":{"r":0.963837206363678,"g":0.8175578117370606,"b":0.7408873438835144,"a":0.0},"key4":{"r":1.0,"g":0.9402737021446228,"b":0.8632075786590576,"a":0.0},"key5":{"r":1.0,"g":0.8506067991256714,"b":0.6852487325668335,"a":0.0},"key6":{"r":1.0,"g":0.652330756187439,"b":0.5047169923782349,"a":0.0},"key7":{"r":0.0117647061124444,"g":0.08235294371843338,"b":0.1882352977991104,"a":0.0},"ctime0":0,"ctime1":15770,"ctime2":17172,"ctime3":24532,"ctime4":30840,"ctime5":48188,"ctime6":49765,"ctime7":52218,"atime0":0,"atime1":65535,"atime2":0,"atime3":0,"atime4":0,"atime5":0,"atime6":0,"atime7":0,"m_Mode":0,"m_NumColorKeys":8,"m_NumAlphaKeys":2},"moonLightGradient":{"serializedVersion":"2","key0":{"r":0.0117647061124444,"g":0.08235294371843338,"b":0.1882352977991104,"a":1.0},"key1":{"r":0.11820434778928757,"g":0.1418728083372116,"b":0.20561981201171876,"a":1.0},"key2":{"r":0.7830188870429993,"g":0.20396390557289124,"b":0.1292719691991806,"a":0.0},"key3":{"r":0.963837206363678,"g":0.8175578117370606,"b":0.7408873438835144,"a":0.0},"key4":{"r":1.0,"g":0.9402737021446228,"b":0.8632075786590576,"a":0.0},"key5":{"r":1.0,"g":0.8506067991256714,"b":0.6852487325668335,"a":0.0},"key6":{"r":0.0,"g":0.0,"b":0.0,"a":0.0},"key7":{"r":0.4044588804244995,"g":0.5257657170295715,"b":0.5754716992378235,"a":0.0},"ctime0":0,"ctime1":15770,"ctime2":17172,"ctime3":24532,"ctime4":30840,"ctime5":37705,"ctime6":49376,"ctime7":49889,"atime0":0,"atime1":65535,"atime2":0,"atime3":0,"atime4":0,"atime5":0,"atime6":0,"atime7":0,"m_Mode":0,"m_NumColorKeys":8,"m_NumAlphaKeys":2},"lightRotation":{"x":0.0,"y":0.0},"tint":{"r":1.0,"g":1.0,"b":1.0,"a":0.0},"cloudTopColor":{"r":1.0,"g":1.0,"b":1.0,"a":0.0},"cloudBottomColor":{"r":0.0,"g":0.0,"b":0.0,"a":0.0},"GIIndex":0.2029999941587448,"ambientMode":0,"mode":1,"cubemap":{"instanceID":35272},"boxProjection":true,"resolution":256,"HDR":true,"clearFlags":1,"cullingMask":16}