{"hour":18.0,"timeControlEverything":true,"skyGradient":{"serializedVersion":"2","key0":{"r":0.0,"g":0.0,"b":0.0,"a":1.0},"key1":{"r":0.3669010400772095,"g":0.5148465633392334,"b":0.801886796951294,"a":1.0},"key2":{"r":0.0,"g":0.7627773284912109,"b":1.0,"a":0.0},"key3":{"r":0.0,"g":0.7627773284912109,"b":1.0,"a":0.0},"key4":{"r":0.0,"g":0.7627773284912109,"b":1.0,"a":0.0},"key5":{"r":0.0,"g":0.0,"b":0.0,"a":0.0},"key6":{"r":0.0,"g":0.0,"b":0.0,"a":0.0},"key7":{"r":0.0,"g":0.0,"b":0.0,"a":0.0},"ctime0":0,"ctime1":65535,"ctime2":65535,"ctime3":65535,"ctime4":65535,"ctime5":0,"ctime6":0,"ctime7":0,"atime0":0,"atime1":65535,"atime2":0,"atime3":0,"atime4":0,"atime5":0,"atime6":0,"atime7":0,"m_Mode":0,"m_NumColorKeys":2,"m_NumAlphaKeys":2},"skyWorldYGradient":{"serializedVersion":"2","key0":{"r":0.47921857237815859,"g":0.6486441493034363,"b":0.8396226167678833,"a":1.0},"key1":{"r":0.7021597623825073,"g":0.2801910936832428,"b":0.019810974597930909,"a":1.0},"key2":{"r":0.9245283007621765,"g":0.1974448412656784,"b":0.08285864442586899,"a":0.0},"key3":{"r":0.0,"g":0.0,"b":0.0,"a":0.0},"key4":{"r":0.0,"g":0.0,"b":0.0,"a":0.0},"key5":{"r":0.0,"g":0.0,"b":0.0,"a":0.0},"key6":{"r":0.0,"g":0.0,"b":0.0,"a":0.0},"key7":{"r":0.0,"g":0.0,"b":0.0,"a":0.0},"ctime0":0,"ctime1":63800,"ctime2":65342,"ctime3":0,"ctime4":0,"ctime5":0,"ctime6":0,"ctime7":0,"atime0":0,"atime1":65535,"atime2":0,"atime3":0,"atime4":0,"atime5":0,"atime6":0,"atime7":0,"m_Mode":0,"m_NumColorKeys":3,"m_NumAlphaKeys":2},"sunRotation":{"x":0.0,"y":360.0},"sunHalo":{"x":0.25,"y":0.7200000286102295,"z":1.1699999570846558,"w":7.090000152587891},"sunIntensity":1.0,"sunColorGradient":{"serializedVersion":"2","key0":{"r":0.0,"g":0.0,"b":0.0,"a":1.0},"key1":{"r":0.9811320900917053,"g":0.62785804271698,"b":0.31933072209358218,"a":1.0},"key2":{"r":0.9882352948188782,"g":0.27450987696647646,"b":0.7529863715171814,"a":0.0},"key3":{"r":1.0,"g":0.6063913106918335,"b":0.1745283007621765,"a":0.0},"key4":{"r":0.0,"g":0.0,"b":0.0,"a":0.0},"key5":{"r":0.0,"g":0.0,"b":0.0,"a":0.0},"key6":{"r":0.0,"g":0.0,"b":0.0,"a":0.0},"key7":{"r":0.0,"g":0.0,"b":0.0,"a":0.0},"ctime0":9638,"ctime1":15998,"ctime2":34310,"ctime3":52043,"ctime4":54934,"ctime5":0,"ctime6":0,"ctime7":0,"atime0":0,"atime1":65535,"atime2":0,"atime3":0,"atime4":0,"atime5":0,"atime6":0,"atime7":0,"m_Mode":0,"m_NumColorKeys":5,"m_NumAlphaKeys":2},"moonTexture":{"instanceID":29300},"moonRotation":{"x":0.0,"y":0.0},"moonIntensity":1.0,"moonColorGradient":{"serializedVersion":"2","key0":{"r":0.10849058628082276,"g":0.4799529016017914,"b":1.0,"a":1.0},"key1":{"r":0.0,"g":0.0,"b":0.0,"a":1.0},"key2":{"r":0.0,"g":0.0,"b":0.0,"a":0.0},"key3":{"r":0.10980392247438431,"g":0.47843137383461,"b":1.0,"a":0.0},"key4":{"r":0.0,"g":0.0,"b":0.0,"a":0.0},"key5":{"r":0.0,"g":0.0,"b":0.0,"a":0.0},"key6":{"r":0.0,"g":0.0,"b":0.0,"a":0.0},"key7":{"r":0.0,"g":0.0,"b":0.0,"a":0.0},"ctime0":0,"ctime1":20432,"ctime2":46453,"ctime3":65535,"ctime4":0,"ctime5":0,"ctime6":0,"ctime7":0,"atime0":0,"atime1":65535,"atime2":0,"atime3":0,"atime4":0,"atime5":0,"atime6":0,"atime7":0,"m_Mode":0,"m_NumColorKeys":4,"m_NumAlphaKeys":2},"starTexture":{"instanceID":29246},"starIntensity":1.0,"moonDistance":0.0,"lightIntensity":1.0,"sunLightGradient":{"serializedVersion":"2","key0":{"r":0.6037735939025879,"g":0.6037735939025879,"b":0.6037735939025879,"a":1.0},"key1":{"r":0.698113203048706,"g":0.49092206358909609,"b":0.21404415369033814,"a":1.0},"key2":{"r":1.0,"g":0.2964855432510376,"b":0.0,"a":0.0},"key3":{"r":0.0,"g":0.0,"b":0.0,"a":0.0},"key4":{"r":0.0,"g":0.0,"b":0.0,"a":0.0},"key5":{"r":0.0,"g":0.0,"b":0.0,"a":0.0},"key6":{"r":0.0,"g":0.0,"b":0.0,"a":0.0},"key7":{"r":0.0,"g":0.0,"b":0.0,"a":0.0},"ctime0":0,"ctime1":30840,"ctime2":65535,"ctime3":0,"ctime4":0,"ctime5":0,"ctime6":0,"ctime7":0,"atime0":0,"atime1":65535,"atime2":0,"atime3":0,"atime4":0,"atime5":0,"atime6":0,"atime7":0,"m_Mode":0,"m_NumColorKeys":3,"m_NumAlphaKeys":2},"moonLightGradient":{"serializedVersion":"2","key0":{"r":0.2761213779449463,"g":0.4398347735404968,"b":0.6886792182922363,"a":1.0},"key1":{"r":0.25551798939704897,"g":0.345318078994751,"b":0.6226415038108826,"a":1.0},"key2":{"r":0.12156862765550614,"g":0.21960784494876862,"b":0.3686274588108063,"a":0.0},"key3":{"r":0.0,"g":0.0,"b":0.0,"a":0.0},"key4":{"r":0.0,"g":0.0,"b":0.0,"a":0.0},"key5":{"r":0.0,"g":0.0,"b":0.0,"a":0.0},"key6":{"r":0.0,"g":0.0,"b":0.0,"a":0.0},"key7":{"r":0.0,"g":0.0,"b":0.0,"a":0.0},"ctime0":0,"ctime1":32768,"ctime2":65535,"ctime3":0,"ctime4":0,"ctime5":0,"ctime6":0,"ctime7":0,"atime0":0,"atime1":65535,"atime2":0,"atime3":0,"atime4":0,"atime5":0,"atime6":0,"atime7":0,"m_Mode":0,"m_NumColorKeys":3,"m_NumAlphaKeys":2},"lightRotation":{"x":0.0,"y":0.0},"ambientMode":0,"mode":1,"cubemap":{"instanceID":165948},"boxProjection":true,"resolution":256,"HDR":true,"clearFlags":1,"cullingMask":32}