{"hour":0.0,"timeControlEverything":true,"skyGradient":{"serializedVersion":"2","key0":{"r":0.057627271860837939,"g":0.21099622547626496,"b":0.33018869161605837,"a":1.0},"key1":{"r":0.20403169095516206,"g":0.2753377854824066,"b":0.33018869161605837,"a":1.0},"key2":{"r":0.0,"g":0.7627773284912109,"b":1.0,"a":0.0},"key3":{"r":0.0,"g":0.7627773284912109,"b":1.0,"a":0.0},"key4":{"r":0.0,"g":0.7627773284912109,"b":1.0,"a":0.0},"key5":{"r":0.0,"g":0.0,"b":0.0,"a":0.0},"key6":{"r":0.0,"g":0.0,"b":0.0,"a":0.0},"key7":{"r":0.0,"g":0.0,"b":0.0,"a":0.0},"ctime0":0,"ctime1":65535,"ctime2":65535,"ctime3":65535,"ctime4":65535,"ctime5":0,"ctime6":0,"ctime7":0,"atime0":0,"atime1":65535,"atime2":0,"atime3":0,"atime4":0,"atime5":0,"atime6":0,"atime7":0,"m_Mode":0,"m_NumColorKeys":2,"m_NumAlphaKeys":2},"skyWorldYGradient":{"serializedVersion":"2","key0":{"r":0.0,"g":0.0,"b":0.0,"a":1.0},"key1":{"r":0.0,"g":0.0,"b":0.0,"a":1.0},"key2":{"r":0.9245283007621765,"g":0.1974448412656784,"b":0.08285864442586899,"a":0.0},"key3":{"r":0.0,"g":0.0,"b":0.0,"a":0.0},"key4":{"r":0.0,"g":0.0,"b":0.0,"a":0.0},"key5":{"r":0.0,"g":0.0,"b":0.0,"a":0.0},"key6":{"r":0.0,"g":0.0,"b":0.0,"a":0.0},"key7":{"r":0.0,"g":0.0,"b":0.0,"a":0.0},"ctime0":0,"ctime1":65535,"ctime2":65342,"ctime3":0,"ctime4":0,"ctime5":0,"ctime6":0,"ctime7":0,"atime0":0,"atime1":65535,"atime2":0,"atime3":0,"atime4":0,"atime5":0,"atime6":0,"atime7":0,"m_Mode":0,"m_NumColorKeys":2,"m_NumAlphaKeys":2},"sunRotation":{"x":0.0,"y":90.0},"sunHalo":{"x":0.25,"y":0.7200000286102295,"z":1.1699999570846558,"w":7.090000152587891},"sunIntensity":1.0,"sunColorGradient":{"serializedVersion":"2","key0":{"r":0.0,"g":0.0,"b":0.0,"a":1.0},"key1":{"r":0.9811320900917053,"g":0.62785804271698,"b":0.31933072209358218,"a":1.0},"key2":{"r":0.9882352948188782,"g":0.27450987696647646,"b":0.7529863715171814,"a":0.0},"key3":{"r":1.0,"g":0.578764796257019,"b":0.1764705777168274,"a":0.0},"key4":{"r":0.0,"g":0.0,"b":0.0,"a":0.0},"key5":{"r":0.0,"g":0.0,"b":0.0,"a":0.0},"key6":{"r":0.0,"g":0.0,"b":0.0,"a":0.0},"key7":{"r":0.0,"g":0.0,"b":0.0,"a":0.0},"ctime0":9638,"ctime1":15998,"ctime2":34310,"ctime3":52043,"ctime4":54934,"ctime5":0,"ctime6":0,"ctime7":0,"atime0":0,"atime1":65535,"atime2":0,"atime3":0,"atime4":0,"atime5":0,"atime6":0,"atime7":0,"m_Mode":0,"m_NumColorKeys":5,"m_NumAlphaKeys":2},"moonTexture":{"instanceID":29300},"moonRotation":{"x":0.0,"y":0.0},"moonIntensity":1.0,"moonColorGradient":{"serializedVersion":"2","key0":{"r":0.18867921829223634,"g":0.18867921829223634,"b":0.18867921829223634,"a":1.0},"key1":{"r":0.0,"g":0.0,"b":0.0,"a":1.0},"key2":{"r":0.0,"g":0.0,"b":0.0,"a":0.0},"key3":{"r":0.0,"g":0.0,"b":0.0,"a":0.0},"key4":{"r":0.0,"g":0.4140968322753906,"b":1.0,"a":0.0},"key5":{"r":0.0,"g":0.0,"b":0.0,"a":0.0},"key6":{"r":0.0,"g":0.0,"b":0.0,"a":0.0},"key7":{"r":0.0,"g":0.0,"b":0.0,"a":0.0},"ctime0":0,"ctime1":20432,"ctime2":46453,"ctime3":65535,"ctime4":65535,"ctime5":0,"ctime6":0,"ctime7":0,"atime0":0,"atime1":65535,"atime2":0,"atime3":0,"atime4":0,"atime5":0,"atime6":0,"atime7":0,"m_Mode":0,"m_NumColorKeys":4,"m_NumAlphaKeys":2},"starTexture":{"instanceID":29246},"starIntensity":0.3700000047683716,"moonDistance":6.78000020980835,"lightIntensity":1.0,"sunLightGradient":{"serializedVersion":"2","key0":{"r":0.0,"g":0.0,"b":0.0,"a":1.0},"key1":{"r":0.9811320900917053,"g":0.62785804271698,"b":0.31933072209358218,"a":1.0},"key2":{"r":0.9882352948188782,"g":0.27450987696647646,"b":0.7529863715171814,"a":0.0},"key3":{"r":1.0,"g":0.578764796257019,"b":0.1764705777168274,"a":0.0},"key4":{"r":0.0,"g":0.0,"b":0.0,"a":0.0},"key5":{"r":0.0,"g":0.0,"b":0.0,"a":0.0},"key6":{"r":0.0,"g":0.0,"b":0.0,"a":0.0},"key7":{"r":0.0,"g":0.0,"b":0.0,"a":0.0},"ctime0":9638,"ctime1":15998,"ctime2":34310,"ctime3":52043,"ctime4":54934,"ctime5":0,"ctime6":0,"ctime7":0,"atime0":0,"atime1":65535,"atime2":0,"atime3":0,"atime4":0,"atime5":0,"atime6":0,"atime7":0,"m_Mode":0,"m_NumColorKeys":5,"m_NumAlphaKeys":2},"moonLightGradient":{"serializedVersion":"2","key0":{"r":0.6933962106704712,"g":0.8218777179718018,"b":1.0,"a":1.0},"key1":{"r":0.0,"g":0.0,"b":0.0,"a":1.0},"key2":{"r":0.0,"g":0.0,"b":0.0,"a":0.0},"key3":{"r":0.15218938887119294,"g":0.3256114721298218,"b":0.5660377740859985,"a":0.0},"key4":{"r":0.15218938887119294,"g":0.3256114721298218,"b":0.5660377740859985,"a":0.0},"key5":{"r":0.0,"g":0.0,"b":0.0,"a":0.0},"key6":{"r":0.0,"g":0.0,"b":0.0,"a":0.0},"key7":{"r":0.0,"g":0.0,"b":0.0,"a":0.0},"ctime0":0,"ctime1":20432,"ctime2":46453,"ctime3":65535,"ctime4":65535,"ctime5":0,"ctime6":0,"ctime7":0,"atime0":0,"atime1":65535,"atime2":0,"atime3":0,"atime4":0,"atime5":0,"atime6":0,"atime7":0,"m_Mode":0,"m_NumColorKeys":4,"m_NumAlphaKeys":2},"lightRotation":{"x":0.0,"y":0.0},"ambientMode":0,"mode":1,"cubemap":{"instanceID":165948},"boxProjection":true,"resolution":256,"HDR":true,"clearFlags":1,"cullingMask":32}